{"cameraMode":{"drawMode":0,"name":"Shaded","section":"Shading Mode"},"sceneLighting":true,"audioPlay":false,"sceneViewState":{"m_AlwaysRefresh":false,"showFog":true,"showSkybox":true,"showFlares":true,"showImageEffects":true,"showParticleSystems":true,"showVisualEffectGraphs":true,"m_FxEnabled":true},"in2DMode":false,"pivot":{"x":1.6909692287445069,"y":5.527806282043457,"z":0.7250080108642578},"rotation":{"x":0.04227912425994873,"y":0.7007529735565186,"z":-0.04167146608233452,"w":0.7109367251396179},"size":3.1354832649230959,"orthographic":true}